<?xml version="1.0" encoding="UTF-8"?><InteractionHistory Id="activity" Version="1"><InteractionEvent Delta="started" EndDate="2009-12-29 18:16:54.923 CET" Interest="1.0" Kind="attention" Navigation="" OriginId="org.eclipse.ui.workbench" StartDate="2009-12-29 18:16:54.923 CET" StructureHandle="org.eclipse.sdk.ide" StructureKind="lifecycle"/><InteractionEvent Delta="stopped" EndDate="2009-12-29 18:39:28.902 CET" Interest="1.0" Kind="attention" Navigation="" OriginId="org.eclipse.ui.workbench" StartDate="2009-12-29 18:39:28.902 CET" StructureHandle="org.eclipse.sdk.ide" StructureKind="lifecycle"/><InteractionEvent Delta="started" EndDate="2009-12-29 18:43:44.919 CET" Interest="1.0" Kind="attention" Navigation="" OriginId="org.eclipse.ui.workbench" StartDate="2009-12-29 18:43:44.919 CET" StructureHandle="org.eclipse.sdk.ide" StructureKind="lifecycle"/><InteractionEvent Delta="stopped" EndDate="2009-12-29 19:45:11.991 CET" Interest="1.0" Kind="attention" Navigation="" OriginId="org.eclipse.ui.workbench" StartDate="2009-12-29 19:45:11.991 CET" StructureHandle="org.eclipse.sdk.ide" StructureKind="lifecycle"/><InteractionEvent Delta="started" EndDate="2010-01-03 16:46:16.766 CET" Interest="1.0" Kind="attention" Navigation="" OriginId="org.eclipse.ui.workbench" StartDate="2010-01-03 16:46:16.766 CET" StructureHandle="org.eclipse.sdk.ide" StructureKind="lifecycle"/><InteractionEvent Delta="stopped" EndDate="2010-01-03 18:26:10.86 CET" Interest="1.0" Kind="attention" Navigation="" OriginId="org.eclipse.ui.workbench" StartDate="2010-01-03 18:26:10.86 CET" StructureHandle="org.eclipse.sdk.ide" StructureKind="lifecycle"/><InteractionEvent Delta="started" EndDate="2010-01-04 08:58:38.829 CET" Interest="1.0" Kind="attention" Navigation="" OriginId="org.eclipse.ui.workbench" StartDate="2010-01-04 08:58:38.829 CET" StructureHandle="org.eclipse.sdk.ide" StructureKind="lifecycle"/><InteractionEvent Delta="stopped" EndDate="2010-01-04 21:47:34.829 CET" Interest="1.0" Kind="attention" Navigation="" OriginId="org.eclipse.ui.workbench" StartDate="2010-01-04 21:47:34.829 CET" StructureHandle="org.eclipse.sdk.ide" StructureKind="lifecycle"/><InteractionEvent Delta="started" EndDate="2010-01-04 21:47:59.309 CET" Interest="1.0" Kind="attention" Navigation="" OriginId="org.eclipse.ui.workbench" StartDate="2010-01-04 21:47:59.309 CET" StructureHandle="org.eclipse.sdk.ide" StructureKind="lifecycle"/><InteractionEvent Delta="stopped" EndDate="2010-01-04 22:37:25.465 CET" Interest="1.0" Kind="attention" Navigation="" OriginId="org.eclipse.ui.workbench" StartDate="2010-01-04 22:37:25.465 CET" StructureHandle="org.eclipse.sdk.ide" StructureKind="lifecycle"/><InteractionEvent Delta="started" EndDate="2010-01-04 22:37:44.636 CET" Interest="1.0" Kind="attention" Navigation="" OriginId="org.eclipse.ui.workbench" StartDate="2010-01-04 22:37:44.636 CET" StructureHandle="org.eclipse.sdk.ide" StructureKind="lifecycle"/><InteractionEvent Delta="stopped" EndDate="2010-01-04 22:45:05.533 CET" Interest="1.0" Kind="attention" Navigation="" OriginId="org.eclipse.ui.workbench" StartDate="2010-01-04 22:45:05.533 CET" StructureHandle="org.eclipse.sdk.ide" StructureKind="lifecycle"/><InteractionEvent Delta="started" EndDate="2010-01-04 22:45:51.968 CET" Interest="1.0" Kind="attention" Navigation="" OriginId="org.eclipse.ui.workbench" StartDate="2010-01-04 22:45:51.968 CET" StructureHandle="org.eclipse.sdk.ide" StructureKind="lifecycle"/><InteractionEvent Delta="stopped" EndDate="2010-01-04 22:52:07.270 CET" Interest="1.0" Kind="attention" Navigation="" OriginId="org.eclipse.ui.workbench" StartDate="2010-01-04 22:52:07.270 CET" StructureHandle="org.eclipse.sdk.ide" StructureKind="lifecycle"/><InteractionEvent Delta="started" EndDate="2010-01-05 13:48:48.920 CET" Interest="1.0" Kind="attention" Navigation="" OriginId="org.eclipse.ui.workbench" StartDate="2010-01-05 13:48:48.920 CET" StructureHandle="org.eclipse.sdk.ide" StructureKind="lifecycle"/><InteractionEvent Delta="started" EndDate="2010-01-06 07:41:20.3 CET" Interest="1.0" Kind="attention" Navigation="" OriginId="org.eclipse.ui.workbench" StartDate="2010-01-06 07:41:20.3 CET" StructureHandle="org.eclipse.sdk.ide" StructureKind="lifecycle"/><InteractionEvent Delta="stopped" EndDate="2010-01-06 12:41:48.109 CET" Interest="1.0" Kind="attention" Navigation="" OriginId="org.eclipse.ui.workbench" StartDate="2010-01-06 12:41:48.109 CET" StructureHandle="org.eclipse.sdk.ide" StructureKind="lifecycle"/><InteractionEvent Delta="started" EndDate="2010-01-06 14:54:02.11 CET" Interest="1.0" Kind="attention" Navigation="" OriginId="org.eclipse.ui.workbench" StartDate="2010-01-06 14:54:02.11 CET" StructureHandle="org.eclipse.sdk.ide" StructureKind="lifecycle"/><InteractionEvent Delta="stopped" EndDate="2010-01-06 16:10:42.66 CET" Interest="1.0" Kind="attention" Navigation="" OriginId="org.eclipse.ui.workbench" StartDate="2010-01-06 16:10:42.66 CET" StructureHandle="org.eclipse.sdk.ide" StructureKind="lifecycle"/><InteractionEvent Delta="started" EndDate="2010-01-06 18:10:14.673 CET" Interest="1.0" Kind="attention" Navigation="" OriginId="org.eclipse.ui.workbench" StartDate="2010-01-06 18:10:14.673 CET" StructureHandle="org.eclipse.sdk.ide" StructureKind="lifecycle"/><InteractionEvent Delta="stopped" EndDate="2010-01-06 22:31:02.125 CET" Interest="1.0" Kind="attention" Navigation="" OriginId="org.eclipse.ui.workbench" StartDate="2010-01-06 22:31:02.125 CET" StructureHandle="org.eclipse.sdk.ide" StructureKind="lifecycle"/><InteractionEvent Delta="started" EndDate="2010-01-08 08:55:36.348 CET" Interest="1.0" Kind="attention" Navigation="" OriginId="org.eclipse.ui.workbench" StartDate="2010-01-08 08:55:36.348 CET" StructureHandle="org.eclipse.sdk.ide" StructureKind="lifecycle"/><InteractionEvent Delta="stopped" EndDate="2010-01-08 13:43:19.283 CET" Interest="1.0" Kind="attention" Navigation="" OriginId="org.eclipse.ui.workbench" StartDate="2010-01-08 13:43:19.283 CET" StructureHandle="org.eclipse.sdk.ide" StructureKind="lifecycle"/><InteractionEvent Delta="started" EndDate="2010-01-09 18:35:05.537 CET" Interest="1.0" Kind="attention" Navigation="" OriginId="org.eclipse.ui.workbench" StartDate="2010-01-09 18:35:05.537 CET" StructureHandle="org.eclipse.sdk.ide" StructureKind="lifecycle"/><InteractionEvent Delta="stopped" EndDate="2010-01-10 19:55:47.471 CET" Interest="1.0" Kind="attention" Navigation="" OriginId="org.eclipse.ui.workbench" StartDate="2010-01-10 19:55:47.471 CET" StructureHandle="org.eclipse.sdk.ide" StructureKind="lifecycle"/><InteractionEvent Delta="started" EndDate="2010-01-13 14:54:28.274 CET" Interest="1.0" Kind="attention" Navigation="" OriginId="org.eclipse.ui.workbench" StartDate="2010-01-13 14:54:28.274 CET" StructureHandle="org.eclipse.sdk.ide" StructureKind="lifecycle"/><InteractionEvent Delta="stopped" EndDate="2010-01-13 15:16:53.988 CET" Interest="1.0" Kind="attention" Navigation="" OriginId="org.eclipse.ui.workbench" StartDate="2010-01-13 15:16:53.988 CET" StructureHandle="org.eclipse.sdk.ide" StructureKind="lifecycle"/><InteractionEvent Delta="started" EndDate="2010-02-09 10:00:18.682 CET" Interest="1.0" Kind="attention" Navigation="" OriginId="org.eclipse.ui.workbench" StartDate="2010-02-09 10:00:18.682 CET" StructureHandle="org.eclipse.sdk.ide" StructureKind="lifecycle"/><InteractionEvent Delta="stopped" EndDate="2010-02-09 16:10:40.166 CET" Interest="1.0" Kind="attention" Navigation="" OriginId="org.eclipse.ui.workbench" StartDate="2010-02-09 16:10:40.166 CET" StructureHandle="org.eclipse.sdk.ide" StructureKind="lifecycle"/><InteractionEvent Delta="stopped" EndDate="2010-02-09 16:12:07.860 CET" Interest="1.0" Kind="attention" Navigation="" OriginId="org.eclipse.ui.workbench" StartDate="2010-02-09 16:12:07.860 CET" StructureHandle="org.eclipse.sdk.ide" StructureKind="lifecycle"/><InteractionEvent Delta="started" EndDate="2010-02-11 21:42:50.529 CET" Interest="1.0" Kind="attention" Navigation="" OriginId="org.eclipse.ui.workbench" StartDate="2010-02-11 21:42:50.529 CET" StructureHandle="org.eclipse.sdk.ide" StructureKind="lifecycle"/><InteractionEvent Delta="stopped" EndDate="2010-02-11 21:45:13.572 CET" Interest="1.0" Kind="attention" Navigation="" OriginId="org.eclipse.ui.workbench" StartDate="2010-02-11 21:45:13.572 CET" StructureHandle="org.eclipse.sdk.ide" StructureKind="lifecycle"/><InteractionEvent Delta="started" EndDate="2010-02-12 21:16:52.335 CET" Interest="1.0" Kind="attention" Navigation="" OriginId="org.eclipse.ui.workbench" StartDate="2010-02-12 21:16:52.335 CET" StructureHandle="org.eclipse.sdk.ide" StructureKind="lifecycle"/><InteractionEvent Delta="stopped" EndDate="2010-02-12 21:51:47.400 CET" Interest="1.0" Kind="attention" Navigation="" OriginId="org.eclipse.ui.workbench" StartDate="2010-02-12 21:51:47.400 CET" StructureHandle="org.eclipse.sdk.ide" StructureKind="lifecycle"/><InteractionEvent Delta="started" EndDate="2010-03-05 14:03:30.709 CET" Interest="1.0" Kind="attention" Navigation="" OriginId="org.eclipse.ui.workbench" StartDate="2010-03-05 14:03:30.709 CET" StructureHandle="org.eclipse.sdk.ide" StructureKind="lifecycle"/><InteractionEvent Delta="stopped" EndDate="2010-03-05 15:06:23.956 CET" Interest="1.0" Kind="attention" Navigation="" OriginId="org.eclipse.ui.workbench" StartDate="2010-03-05 15:06:23.956 CET" StructureHandle="org.eclipse.sdk.ide" StructureKind="lifecycle"/><InteractionEvent Delta="started" EndDate="2010-03-19 13:55:13.757 CET" Interest="1.0" Kind="attention" Navigation="" OriginId="org.eclipse.ui.workbench" StartDate="2010-03-19 13:55:13.757 CET" StructureHandle="org.eclipse.sdk.ide" StructureKind="lifecycle"/><InteractionEvent Delta="started" EndDate="2010-03-19 14:22:37.875 CET" Interest="1.0" Kind="attention" Navigation="" OriginId="org.eclipse.ui.workbench" StartDate="2010-03-19 14:22:37.875 CET" StructureHandle="org.eclipse.sdk.ide" StructureKind="lifecycle"/><InteractionEvent Delta="stopped" EndDate="2010-03-19 18:17:22.472 CET" Interest="1.0" Kind="attention" Navigation="" OriginId="org.eclipse.ui.workbench" StartDate="2010-03-19 18:17:22.472 CET" StructureHandle="org.eclipse.sdk.ide" StructureKind="lifecycle"/><InteractionEvent Delta="started" EndDate="2010-03-23 13:42:20.358 CET" Interest="1.0" Kind="attention" Navigation="" OriginId="org.eclipse.ui.workbench" StartDate="2010-03-23 13:42:20.358 CET" StructureHandle="org.eclipse.sdk.ide" StructureKind="lifecycle"/><InteractionEvent Delta="stopped" EndDate="2010-03-23 15:57:45.264 CET" Interest="1.0" Kind="attention" Navigation="" OriginId="org.eclipse.ui.workbench" StartDate="2010-03-23 15:57:45.264 CET" StructureHandle="org.eclipse.sdk.ide" StructureKind="lifecycle"/><InteractionEvent Delta="started" EndDate="2010-03-25 08:24:33.840 CET" Interest="1.0" Kind="attention" Navigation="" OriginId="org.eclipse.ui.workbench" StartDate="2010-03-25 08:24:33.840 CET" StructureHandle="org.eclipse.sdk.ide" StructureKind="lifecycle"/><InteractionEvent Delta="stopped" EndDate="2010-03-25 08:58:05.907 CET" Interest="1.0" Kind="attention" Navigation="" OriginId="org.eclipse.ui.workbench" StartDate="2010-03-25 08:58:05.907 CET" StructureHandle="org.eclipse.sdk.ide" StructureKind="lifecycle"/><InteractionEvent Delta="started" EndDate="2010-03-25 12:18:05.207 CET" Interest="1.0" Kind="attention" Navigation="" OriginId="org.eclipse.ui.workbench" StartDate="2010-03-25 12:18:05.207 CET" StructureHandle="org.eclipse.sdk.ide" StructureKind="lifecycle"/><InteractionEvent Delta="stopped" EndDate="2010-03-25 12:53:17.914 CET" Interest="1.0" Kind="attention" Navigation="" OriginId="org.eclipse.ui.workbench" StartDate="2010-03-25 12:53:17.914 CET" StructureHandle="org.eclipse.sdk.ide" StructureKind="lifecycle"/><InteractionEvent Delta="started" EndDate="2010-03-25 14:45:27.421 CET" Interest="1.0" Kind="attention" Navigation="" OriginId="org.eclipse.ui.workbench" StartDate="2010-03-25 14:45:27.421 CET" StructureHandle="org.eclipse.sdk.ide" StructureKind="lifecycle"/><InteractionEvent Delta="stopped" EndDate="2010-03-25 23:14:32.114 CET" Interest="1.0" Kind="attention" Navigation="" OriginId="org.eclipse.ui.workbench" StartDate="2010-03-25 23:14:32.114 CET" StructureHandle="org.eclipse.sdk.ide" StructureKind="lifecycle"/><InteractionEvent Delta="started" EndDate="2010-03-26 15:08:24.674 CET" Interest="1.0" Kind="attention" Navigation="" OriginId="org.eclipse.ui.workbench" StartDate="2010-03-26 15:08:24.674 CET" StructureHandle="org.eclipse.sdk.ide" StructureKind="lifecycle"/><InteractionEvent Delta="stopped" EndDate="2010-03-26 15:14:42.123 CET" Interest="1.0" Kind="attention" Navigation="" OriginId="org.eclipse.ui.workbench" StartDate="2010-03-26 15:14:42.123 CET" StructureHandle="org.eclipse.sdk.ide" StructureKind="lifecycle"/><InteractionEvent Delta="started" EndDate="2010-03-26 15:21:08.590 CET" Interest="1.0" Kind="attention" Navigation="" OriginId="org.eclipse.ui.workbench" StartDate="2010-03-26 15:21:08.590 CET" StructureHandle="org.eclipse.sdk.ide" StructureKind="lifecycle"/><InteractionEvent Delta="stopped" EndDate="2010-03-26 15:21:35.305 CET" Interest="1.0" Kind="attention" Navigation="" OriginId="org.eclipse.ui.workbench" StartDate="2010-03-26 15:21:35.305 CET" StructureHandle="org.eclipse.sdk.ide" StructureKind="lifecycle"/><InteractionEvent Delta="started" EndDate="2010-03-26 17:45:11.117 CET" Interest="1.0" Kind="attention" Navigation="" OriginId="org.eclipse.ui.workbench" StartDate="2010-03-26 17:45:11.117 CET" StructureHandle="org.eclipse.sdk.ide" StructureKind="lifecycle"/><InteractionEvent Delta="stopped" EndDate="2010-03-26 18:22:13.83 CET" Interest="1.0" Kind="attention" Navigation="" OriginId="org.eclipse.ui.workbench" StartDate="2010-03-26 18:22:13.83 CET" StructureHandle="org.eclipse.sdk.ide" StructureKind="lifecycle"/><InteractionEvent Delta="started" EndDate="2010-03-26 19:51:14.270 CET" Interest="1.0" Kind="attention" Navigation="" OriginId="org.eclipse.ui.workbench" StartDate="2010-03-26 19:51:14.270 CET" StructureHandle="org.eclipse.sdk.ide" StructureKind="lifecycle"/><InteractionEvent Delta="stopped" EndDate="2010-03-26 22:35:44.294 CET" Interest="1.0" Kind="attention" Navigation="" OriginId="org.eclipse.ui.workbench" StartDate="2010-03-26 22:35:44.294 CET" StructureHandle="org.eclipse.sdk.ide" StructureKind="lifecycle"/><InteractionEvent Delta="started" EndDate="2010-03-26 22:36:32.792 CET" Interest="1.0" Kind="attention" Navigation="" OriginId="org.eclipse.ui.workbench" StartDate="2010-03-26 22:36:32.792 CET" StructureHandle="org.eclipse.sdk.ide" StructureKind="lifecycle"/><InteractionEvent Delta="stopped" EndDate="2010-03-26 22:37:07.434 CET" Interest="1.0" Kind="attention" Navigation="" OriginId="org.eclipse.ui.workbench" StartDate="2010-03-26 22:37:07.434 CET" StructureHandle="org.eclipse.sdk.ide" StructureKind="lifecycle"/><InteractionEvent Delta="started" EndDate="2010-03-26 22:39:43.205 CET" Interest="1.0" Kind="attention" Navigation="" OriginId="org.eclipse.ui.workbench" StartDate="2010-03-26 22:39:43.205 CET" StructureHandle="org.eclipse.sdk.ide" StructureKind="lifecycle"/><InteractionEvent Delta="stopped" EndDate="2010-03-26 22:40:32.406 CET" Interest="1.0" Kind="attention" Navigation="" OriginId="org.eclipse.ui.workbench" StartDate="2010-03-26 22:40:32.406 CET" StructureHandle="org.eclipse.sdk.ide" StructureKind="lifecycle"/><InteractionEvent Delta="started" EndDate="2010-03-27 08:46:46.373 CET" Interest="1.0" Kind="attention" Navigation="" OriginId="org.eclipse.ui.workbench" StartDate="2010-03-27 08:46:46.373 CET" StructureHandle="org.eclipse.sdk.ide" StructureKind="lifecycle"/><InteractionEvent Delta="stopped" EndDate="2010-03-27 08:52:08.825 CET" Interest="1.0" Kind="attention" Navigation="" OriginId="org.eclipse.ui.workbench" StartDate="2010-03-27 08:52:08.825 CET" StructureHandle="org.eclipse.sdk.ide" StructureKind="lifecycle"/><InteractionEvent Delta="started" EndDate="2010-03-27 08:55:06.721 CET" Interest="1.0" Kind="attention" Navigation="" OriginId="org.eclipse.ui.workbench" StartDate="2010-03-27 08:55:06.721 CET" StructureHandle="org.eclipse.sdk.ide" StructureKind="lifecycle"/><InteractionEvent Delta="stopped" EndDate="2010-03-27 08:55:19.536 CET" Interest="1.0" Kind="attention" Navigation="" OriginId="org.eclipse.ui.workbench" StartDate="2010-03-27 08:55:19.536 CET" StructureHandle="org.eclipse.sdk.ide" StructureKind="lifecycle"/><InteractionEvent Delta="started" EndDate="2010-04-02 19:54:18.920 CEST" Interest="1.0" Kind="attention" Navigation="" OriginId="org.eclipse.ui.workbench" StartDate="2010-04-02 19:54:18.920 CEST" StructureHandle="org.eclipse.sdk.ide" StructureKind="lifecycle"/><InteractionEvent Delta="stopped" EndDate="2010-04-02 21:08:34.721 CEST" Interest="1.0" Kind="attention" Navigation="" OriginId="org.eclipse.ui.workbench" StartDate="2010-04-02 21:08:34.721 CEST" StructureHandle="org.eclipse.sdk.ide" StructureKind="lifecycle"/><InteractionEvent Delta="started" EndDate="2010-04-03 12:06:58.823 CEST" Interest="1.0" Kind="attention" Navigation="" OriginId="org.eclipse.ui.workbench" StartDate="2010-04-03 12:06:58.823 CEST" StructureHandle="org.eclipse.sdk.ide" StructureKind="lifecycle"/><InteractionEvent Delta="stopped" EndDate="2010-04-03 20:07:36.323 CEST" Interest="1.0" Kind="attention" Navigation="" OriginId="org.eclipse.ui.workbench" StartDate="2010-04-03 20:07:36.323 CEST" StructureHandle="org.eclipse.sdk.ide" StructureKind="lifecycle"/><InteractionEvent Delta="started" EndDate="2010-04-06 15:46:16.625 CEST" Interest="1.0" Kind="attention" Navigation="" OriginId="org.eclipse.ui.workbench" StartDate="2010-04-06 15:46:16.625 CEST" StructureHandle="org.eclipse.sdk.ide" StructureKind="lifecycle"/><InteractionEvent Delta="stopped" EndDate="2010-04-06 15:48:14.168 CEST" Interest="1.0" Kind="attention" Navigation="" OriginId="org.eclipse.ui.workbench" StartDate="2010-04-06 15:48:14.168 CEST" StructureHandle="org.eclipse.sdk.ide" StructureKind="lifecycle"/><InteractionEvent Delta="started" EndDate="2010-04-06 16:49:38.297 CEST" Interest="1.0" Kind="attention" Navigation="" OriginId="org.eclipse.ui.workbench" StartDate="2010-04-06 16:49:38.297 CEST" StructureHandle="org.eclipse.sdk.ide" StructureKind="lifecycle"/><InteractionEvent Delta="stopped" EndDate="2010-04-06 17:05:32.586 CEST" Interest="1.0" Kind="attention" Navigation="" OriginId="org.eclipse.ui.workbench" StartDate="2010-04-06 17:05:32.586 CEST" StructureHandle="org.eclipse.sdk.ide" StructureKind="lifecycle"/><InteractionEvent Delta="started" EndDate="2010-04-07 16:49:37.6 CEST" Interest="1.0" Kind="attention" Navigation="" OriginId="org.eclipse.ui.workbench" StartDate="2010-04-07 16:49:37.6 CEST" StructureHandle="org.eclipse.sdk.ide" StructureKind="lifecycle"/><InteractionEvent Delta="stopped" EndDate="2010-04-07 19:47:45.836 CEST" Interest="1.0" Kind="attention" Navigation="" OriginId="org.eclipse.ui.workbench" StartDate="2010-04-07 19:47:45.836 CEST" StructureHandle="org.eclipse.sdk.ide" StructureKind="lifecycle"/><InteractionEvent Delta="started" EndDate="2010-04-08 11:46:51.90 CEST" Interest="1.0" Kind="attention" Navigation="" OriginId="org.eclipse.ui.workbench" StartDate="2010-04-08 11:46:51.90 CEST" StructureHandle="org.eclipse.sdk.ide" StructureKind="lifecycle"/><InteractionEvent Delta="stopped" EndDate="2010-04-08 12:39:57.372 CEST" Interest="1.0" Kind="attention" Navigation="" OriginId="org.eclipse.ui.workbench" StartDate="2010-04-08 12:39:57.370 CEST" StructureHandle="org.eclipse.sdk.ide" StructureKind="lifecycle"/><InteractionEvent Delta="started" EndDate="2010-04-08 19:44:33.708 CEST" Interest="1.0" Kind="attention" Navigation="" OriginId="org.eclipse.ui.workbench" StartDate="2010-04-08 19:44:33.708 CEST" StructureHandle="org.eclipse.sdk.ide" StructureKind="lifecycle"/><InteractionEvent Delta="stopped" EndDate="2010-04-08 19:44:50.376 CEST" Interest="1.0" Kind="attention" Navigation="" OriginId="org.eclipse.ui.workbench" StartDate="2010-04-08 19:44:50.376 CEST" StructureHandle="org.eclipse.sdk.ide" StructureKind="lifecycle"/><InteractionEvent Delta="started" EndDate="2010-04-09 14:51:33.4 CEST" Interest="1.0" Kind="attention" Navigation="" OriginId="org.eclipse.ui.workbench" StartDate="2010-04-09 14:51:33.4 CEST" StructureHandle="org.eclipse.sdk.ide" StructureKind="lifecycle"/></InteractionHistory>